"win","kills","deaths","dmgObj","dmgTurr","vision_score","totalDmg","totalDmgTaken","totalMinions","gold","position","time"
FALSE,1,7,2630,383,23,133723,36985,198,10049,"TOP",31.45
FALSE,12,7,36122,1736,17,301337,28156,81,17646,"JUNGLE",31.45
FALSE,5,14,3256,3039,7,152853,39134,160,11395,"MIDDLE",31.45
FALSE,9,9,4825,2493,8,204164,28936,258,14949,"BOTTOM",31.45
FALSE,3,6,527,0,86,51047,36554,48,10769,"UTILITY",31.45
TRUE,6,5,11844,9791,13,262955,37134,257,14786,"TOP",31.45
TRUE,9,5,39695,51,19,305951,37580,30,15075,"JUNGLE",31.45
TRUE,15,7,16067,7935,14,222205,30790,227,18772,"MIDDLE",31.45
TRUE,12,7,41945,2598,35,224193,23190,225,15340,"BOTTOM",31.45
TRUE,1,6,800,410,87,34049,18963,32,10589,"UTILITY",31.45
TRUE,8,5,6245,4844,14,156045,29992,221,13432,"TOP",24.8333333333333
TRUE,4,5,42930,1385,33,210132,26277,12,11660,"JUNGLE",24.8333333333333
TRUE,7,2,5430,2499,12,145889,8445,203,13095,"MIDDLE",24.8333333333333
TRUE,19,5,16353,6584,20,133619,15110,172,14969,"BOTTOM",24.8333333333333
TRUE,7,5,1424,473,54,25043,19928,27,8855,"UTILITY",24.8333333333333
FALSE,5,11,1191,1191,9,140632,24939,160,11297,"TOP",24.8333333333333
FALSE,12,2,13197,0,12,189897,41663,67,13919,"JUNGLE",24.8333333333333
FALSE,2,10,592,0,5,87238,24617,142,8495,"MIDDLE",24.8333333333333
FALSE,3,10,1202,1202,16,86383,21088,154,8691,"BOTTOM",24.8333333333333
FALSE,0,12,701,0,59,25968,20056,21,6016,"UTILITY",24.8333333333333
FALSE,2,5,0,0,14,77326,21605,141,7664,"TOP",23.5
FALSE,4,7,8215,0,17,132033,28681,26,9125,"JUNGLE",23.5
FALSE,4,1,9293,980,10,84428,15202,138,7803,"MIDDLE",23.5
FALSE,8,3,5108,1268,20,115097,12322,193,11611,"BOTTOM",23.5
FALSE,2,6,5164,468,53,21001,14085,26,6367,"UTILITY",23.5
TRUE,6,2,13368,4210,14,139832,17521,200,11544,"TOP",23.5
TRUE,6,5,41882,723,24,189771,16220,11,11316,"JUNGLE",23.5
TRUE,6,4,12141,9119,15,171171,13554,214,12621,"MIDDLE",23.5
TRUE,3,2,14021,1490,20,90766,8356,163,8393,"BOTTOM",23.5
TRUE,1,7,1698,147,43,15009,15046,23,5929,"UTILITY",23.5
FALSE,3,6,2175,2175,14,79937,24067,143,8132,"TOP",25.6333333333333
FALSE,4,7,14893,0,47,153105,29132,26,9051,"JUNGLE",25.6333333333333
FALSE,4,5,2267,1178,10,82677,12917,155,8823,"MIDDLE",25.6333333333333
FALSE,4,5,2980,2980,16,142231,15598,216,11106,"BOTTOM",25.6333333333333
FALSE,2,6,704,221,96,18016,16248,44,7068,"UTILITY",25.6333333333333
TRUE,14,6,24161,12899,21,205837,18363,191,16798,"TOP",25.6333333333333
TRUE,5,0,42928,893,32,226555,32283,39,11595,"JUNGLE",25.6333333333333
TRUE,3,7,5658,2591,20,82135,20929,132,8604,"MIDDLE",25.6333333333333
TRUE,7,3,11966,5736,24,113034,10148,169,11336,"BOTTOM",25.6333333333333
TRUE,0,1,4306,1045,71,24357,13448,38,6582,"UTILITY",25.6333333333333
FALSE,3,6,2175,2175,14,79937,24067,143,8132,"TOP",25.6333333333333
FALSE,4,7,14893,0,47,153105,29132,26,9051,"JUNGLE",25.6333333333333
FALSE,4,5,2267,1178,10,82677,12917,155,8823,"MIDDLE",25.6333333333333
FALSE,4,5,2980,2980,16,142231,15598,216,11106,"BOTTOM",25.6333333333333
FALSE,2,6,704,221,96,18016,16248,44,7068,"UTILITY",25.6333333333333
TRUE,14,6,24161,12899,21,205837,18363,191,16798,"TOP",25.6333333333333
TRUE,5,0,42928,893,32,226555,32283,39,11595,"JUNGLE",25.6333333333333
TRUE,3,7,5658,2591,20,82135,20929,132,8604,"MIDDLE",25.6333333333333
TRUE,7,3,11966,5736,24,113034,10148,169,11336,"BOTTOM",25.6333333333333
TRUE,0,1,4306,1045,71,24357,13448,38,6582,"UTILITY",25.6333333333333
TRUE,9,1,6241,4353,11,104008,23945,143,11587,"TOP",21.5666666666667
TRUE,5,2,24170,542,15,118924,25113,21,9841,"JUNGLE",21.5666666666667
TRUE,5,3,11002,2248,16,107599,14332,137,9067,"MIDDLE",21.5666666666667
TRUE,13,2,14120,2511,28,108934,8886,179,12611,"BOTTOM",21.5666666666667
TRUE,0,4,73,0,33,19822,11260,30,6007,"UTILITY",21.5666666666667
FALSE,2,8,1045,848,10,100121,15648,159,7147,"TOP",21.5666666666667
FALSE,1,7,13356,0,24,170842,16954,20,8114,"JUNGLE",21.5666666666667
FALSE,2,7,4226,0,7,54781,19067,116,6047,"MIDDLE",21.5666666666667
FALSE,7,6,2125,0,7,83330,13191,156,10290,"BOTTOM",21.5666666666667
FALSE,0,4,201,0,30,10472,11963,23,4815,"UTILITY",21.5666666666667
FALSE,0,3,3217,3217,8,66214,10434,137,6316,"TOP",15.25
FALSE,3,5,10231,0,9,103230,15911,4,5748,"JUNGLE",15.25
FALSE,2,6,576,0,6,39376,8997,92,5447,"MIDDLE",15.25
FALSE,2,5,0,0,6,28957,7771,101,5120,"BOTTOM",15.25
FALSE,1,6,0,0,20,7334,8519,16,3544,"UTILITY",15.25
TRUE,3,2,2629,2629,6,59261,10111,126,6557,"TOP",15.25
TRUE,11,2,20718,4021,14,119325,13143,32,11304,"JUNGLE",15.25
TRUE,3,1,1303,1303,18,60472,4858,112,6960,"MIDDLE",15.25
TRUE,4,0,9648,2993,21,48643,3629,106,7973,"BOTTOM",15.25
TRUE,4,3,655,258,13,11562,5856,18,4926,"UTILITY",15.25
FALSE,3,2,663,298,4,64715,11130,127,6086,"TOP",16.1666666666667
FALSE,3,1,13845,163,23,87028,11072,13,6308,"JUNGLE",16.1666666666667
FALSE,2,1,1220,1220,7,80496,10530,140,6342,"MIDDLE",16.1666666666667
FALSE,2,5,1140,1140,11,38797,9301,108,6027,"BOTTOM",16.1666666666667
FALSE,1,6,117,117,24,14028,9209,33,4206,"UTILITY",16.1666666666667
TRUE,0,0,5411,5411,10,83130,10984,154,7338,"TOP",16.1666666666667
TRUE,5,1,15228,0,5,151000,17402,14,7446,"JUNGLE",16.1666666666667
TRUE,4,2,3701,1792,7,64865,5082,125,6729,"MIDDLE",16.1666666666667
TRUE,5,4,7335,2373,9,48789,10096,112,7646,"BOTTOM",16.1666666666667
TRUE,1,4,1370,0,24,19826,8880,32,4777,"UTILITY",16.1666666666667
TRUE,11,3,6308,4851,30,210086,25682,242,17187,"TOP",32.15
TRUE,6,6,35383,860,16,257631,51942,40,14149,"JUNGLE",32.15
TRUE,12,6,5577,2545,32,194592,21135,224,16385,"MIDDLE",32.15
TRUE,10,5,21703,4915,21,178636,17779,201,14304,"BOTTOM",32.15
TRUE,4,5,5196,513,81,27863,23421,36,9621,"UTILITY",32.15
FALSE,5,7,5364,3140,30,147178,55466,211,13816,"TOP",32.15
FALSE,4,8,26995,680,23,209899,39963,25,12740,"JUNGLE",32.15
FALSE,7,8,1717,274,27,130793,42094,197,11981,"MIDDLE",32.15
FALSE,5,10,11626,2431,11,155049,26722,202,12656,"BOTTOM",32.15
FALSE,4,11,3810,1194,104,39711,38582,33,9635,"UTILITY",32.15
TRUE,4,7,12527,6021,16,167086,31856,207,13113,"TOP",33.0166666666667
TRUE,11,8,38131,1412,34,210554,56736,28,15772,"JUNGLE",33.0166666666667
TRUE,16,3,22866,4849,30,219944,24325,200,18233,"MIDDLE",33.0166666666667
TRUE,8,8,16529,5023,28,155145,26705,187,13924,"BOTTOM",33.0166666666667
TRUE,1,5,2606,1458,112,19530,18682,22,9373,"UTILITY",33.0166666666667
FALSE,2,7,19378,6429,21,203326,32231,272,13095,"MIDDLE",33.0166666666667
FALSE,7,11,16161,554,34,188295,55528,33,12220,"JUNGLE",33.0166666666667
FALSE,4,7,10336,3117,26,138417,28738,151,11339,"TOP",33.0166666666667
FALSE,12,6,22126,9387,16,246163,31339,222,19056,"BOTTOM",33.0166666666667
FALSE,6,9,2419,237,55,36800,27300,43,9764,"UTILITY",33.0166666666667
FALSE,3,3,1155,1155,9,51211,11387,116,6270,"TOP",15.9833333333333
FALSE,2,6,6248,0,5,101429,12896,22,5940,"JUNGLE",15.9833333333333
FALSE,1,4,2228,530,12,55752,15025,109,5058,"MIDDLE",15.9833333333333
FALSE,6,3,0,0,6,47916,7936,111,7350,"BOTTOM",15.9833333333333
FALSE,2,7,0,0,15,12562,12135,18,4219,"UTILITY",15.9833333333333
TRUE,1,4,1672,1672,14,44633,13374,83,4989,"TOP",15.9833333333333
TRUE,8,1,18480,109,10,132216,15041,28,9107,"JUNGLE",15.9833333333333
TRUE,4,2,1502,1042,9,75440,6780,140,8478,"MIDDLE",15.9833333333333
TRUE,6,4,60,60,12,62454,6604,135,7299,"BOTTOM",15.9833333333333
TRUE,4,3,67,67,6,13461,7530,19,5230,"UTILITY",15.9833333333333
FALSE,6,10,6255,2339,20,139106,40538,172,13231,"TOP",36.1166666666667
FALSE,12,7,54351,1832,47,373100,42452,94,18862,"JUNGLE",36.1166666666667
FALSE,12,1,16530,3031,31,225130,40868,249,17311,"MIDDLE",36.1166666666667
FALSE,6,5,13924,5645,23,212730,28981,228,15228,"BOTTOM",36.1166666666667
FALSE,2,12,10485,0,69,41653,39121,43,9375,"UTILITY",36.1166666666667
TRUE,10,7,18878,10291,28,199166,43502,211,17108,"TOP",36.1166666666667
TRUE,6,6,25337,1727,16,314232,44438,56,13789,"JUNGLE",36.1166666666667
TRUE,4,10,3984,238,10,140336,32539,184,12189,"MIDDLE",36.1166666666667
TRUE,13,6,17963,8110,34,295304,34436,288,18818,"BOTTOM",36.1166666666667
TRUE,2,9,1879,286,105,24666,37935,31,9536,"UTILITY",36.1166666666667
TRUE,8,4,11156,7814,47,241855,47167,239,15529,"TOP",36.7166666666667
TRUE,4,6,31623,2934,31,345045,46343,55,15657,"JUNGLE",36.7166666666667
TRUE,6,7,13383,4443,31,193546,28575,238,15549,"MIDDLE",36.7166666666667
TRUE,11,7,37098,2455,19,238832,26756,251,16102,"BOTTOM",36.7166666666667
TRUE,5,6,2335,470,122,18560,28259,38,11056,"UTILITY",36.7166666666667
FALSE,3,7,9213,2517,23,165532,48044,228,13125,"TOP",36.7166666666667
FALSE,9,5,52036,2789,39,274921,44405,35,16124,"JUNGLE",36.7166666666667
FALSE,12,7,11487,2274,14,213304,21092,249,16109,"MIDDLE",36.7166666666667
FALSE,5,8,20198,1117,39,215203,25987,224,14438,"BOTTOM",36.7166666666667
FALSE,1,7,1024,0,78,23780,26408,28,8657,"UTILITY",36.7166666666667
FALSE,18,4,17978,7831,19,246289,32926,253,19894,"TOP",33.9333333333333
FALSE,4,5,47474,1843,31,319186,51017,46,14845,"JUNGLE",33.9333333333333
FALSE,12,8,3666,0,24,140909,48468,147,14407,"MIDDLE",33.9333333333333
FALSE,7,9,13388,2893,28,122022,24684,187,13932,"BOTTOM",33.9333333333333
FALSE,3,11,1084,173,72,29829,31297,31,8779,"UTILITY",33.9333333333333
TRUE,7,7,6744,1035,23,186601,37771,259,16512,"TOP",33.9333333333333
TRUE,10,10,46396,3168,41,300200,43713,58,16190,"JUNGLE",33.9333333333333
TRUE,4,10,18747,6826,21,217211,50496,239,14824,"MIDDLE",33.9333333333333
TRUE,14,9,37688,10612,45,224003,26097,228,18165,"BOTTOM",33.9333333333333
TRUE,2,8,1475,441,96,21509,36901,28,9866,"UTILITY",33.9333333333333
FALSE,0,4,17033,4922,12,173418,35969,255,10979,"TOP",28.1
FALSE,9,3,26858,137,24,242341,27673,20,12306,"JUNGLE",28.1
FALSE,1,4,5015,0,23,110785,16034,182,8578,"MIDDLE",28.1
FALSE,1,12,453,241,14,83220,21419,159,8134,"BOTTOM",28.1
FALSE,1,4,1072,0,54,20492,24279,39,6598,"UTILITY",28.1
TRUE,2,3,13521,5906,21,138428,18584,222,10776,"TOP",28.1
TRUE,4,4,54768,3168,20,261717,24597,29,11129,"JUNGLE",28.1
TRUE,11,0,6135,471,47,225891,2947,281,15641,"MIDDLE",28.1
TRUE,9,1,14476,6267,37,133551,9155,151,12959,"BOTTOM",28.1
TRUE,1,4,3805,496,74,18263,21480,8,8127,"UTILITY",28.1
FALSE,5,9,7632,2697,15,128952,37693,184,11739,"TOP",28.9333333333333
FALSE,9,6,19836,121,33,213837,31593,45,13787,"JUNGLE",28.9333333333333
FALSE,4,7,4313,181,22,91826,35860,133,8437,"MIDDLE",28.9333333333333
FALSE,4,7,10976,2460,21,147916,20251,224,12167,"BOTTOM",28.9333333333333
FALSE,0,1,771,357,71,11830,10107,19,7083,"UTILITY",28.9333333333333
TRUE,1,6,751,560,63,27176,18298,42,8200,"JUNGLE",28.9333333333333
TRUE,6,2,29561,1285,33,196686,30296,32,12056,"JUNGLE",28.9333333333333
TRUE,12,5,19054,6715,29,156190,30049,190,14497,"MIDDLE",28.9333333333333
TRUE,5,3,10553,4201,35,114472,10510,159,11609,"BOTTOM",28.9333333333333
TRUE,6,6,14068,7392,15,165833,19595,177,12845,"TOP",28.9333333333333
TRUE,10,3,13077,7572,18,139475,22358,173,13271,"TOP",23.1333333333333
TRUE,5,3,32422,1974,14,142088,22863,24,10745,"JUNGLE",23.1333333333333
TRUE,6,5,8228,5404,11,84020,16461,145,10038,"MIDDLE",23.1333333333333
TRUE,9,4,10750,5487,12,125984,26275,146,12790,"BOTTOM",23.1333333333333
TRUE,5,1,10950,4464,70,41099,7146,28,10162,"UTILITY",23.1333333333333
FALSE,1,9,320,320,11,65051,20856,118,6678,"TOP",23.1333333333333
FALSE,1,5,2346,203,7,97115,11930,15,6740,"JUNGLE",23.1333333333333
FALSE,5,9,449,449,41,28976,18867,41,7692,"UTILITY",23.1333333333333
FALSE,6,9,4075,4075,12,72213,17586,116,8769,"BOTTOM",23.1333333333333
FALSE,3,4,2245,1615,16,99712,11730,162,7937,"MIDDLE",23.1333333333333
FALSE,0,5,3774,0,10,24252,10744,52,3212,"TOP",15.3166666666667
FALSE,2,4,2327,0,12,62844,12491,12,4893,"JUNGLE",15.3166666666667
FALSE,1,5,0,0,8,32831,8776,96,4499,"MIDDLE",15.3166666666667
FALSE,4,3,3587,598,9,52593,9433,100,6018,"BOTTOM",15.3166666666667
FALSE,0,1,151,58,21,3443,6080,4,3450,"UTILITY",15.3166666666667
TRUE,6,0,5434,5434,12,94402,13299,138,9265,"TOP",15.3166666666667
TRUE,6,1,18608,124,10,89842,10874,4,7723,"JUNGLE",15.3166666666667
TRUE,3,2,1095,1095,7,66429,11086,137,6578,"MIDDLE",15.3166666666667
TRUE,2,2,1950,1181,5,39348,7714,92,6448,"BOTTOM",15.3166666666667
TRUE,1,3,1206,439,35,17068,4308,17,4835,"UTILITY",15.3166666666667
TRUE,3,3,5950,3645,9,86840,11905,139,8750,"TOP",22.4166666666667
TRUE,11,3,35038,5652,28,212259,24809,30,12700,"JUNGLE",22.4166666666667
TRUE,10,2,12927,9756,23,163209,11686,212,15158,"MIDDLE",22.4166666666667
TRUE,3,3,19006,8871,16,111284,11634,162,9761,"BOTTOM",22.4166666666667
TRUE,1,3,1218,245,53,8934,10910,8,7274,"UTILITY",22.4166666666667
FALSE,3,4,0,0,11,91154,14769,179,8072,"TOP",22.4166666666667
FALSE,1,6,17467,313,20,131673,22595,30,7530,"JUNGLE",22.4166666666667
FALSE,4,7,1630,0,8,62119,15894,130,7889,"MIDDLE",22.4166666666667
FALSE,6,5,5797,1673,13,109133,15970,188,9681,"BOTTOM",22.4166666666667
FALSE,0,6,0,0,42,18103,17999,31,5035,"UTILITY",22.4166666666667
TRUE,4,2,8164,5803,30,111255,24791,187,11767,"TOP",27.5833333333333
TRUE,4,6,17133,1609,33,174433,33540,9,11373,"JUNGLE",27.5833333333333
TRUE,11,3,8422,8422,28,157346,26805,219,14481,"MIDDLE",27.5833333333333
TRUE,7,2,21005,10466,20,201398,21730,253,13701,"BOTTOM",27.5833333333333
TRUE,0,7,1346,662,57,9195,11553,8,7221,"UTILITY",27.5833333333333
FALSE,2,4,4509,4509,18,148505,28643,193,11051,"TOP",27.5833333333333
FALSE,7,4,46272,476,20,227212,37565,18,11637,"JUNGLE",27.5833333333333
FALSE,10,5,4932,2631,13,171158,22663,220,13461,"MIDDLE",27.5833333333333
FALSE,1,6,8525,2818,13,156810,16050,200,10166,"BOTTOM",27.5833333333333
FALSE,0,7,2603,298,99,22988,11607,23,6457,"UTILITY",27.5833333333333
FALSE,4,3,3445,3188,9,199432,32331,286,12520,"TOP",30.5833333333333
FALSE,10,11,32694,0,29,201968,39046,20,13314,"JUNGLE",30.5833333333333
FALSE,4,8,7812,7083,20,179699,27472,228,12816,"MIDDLE",30.5833333333333
FALSE,6,8,7870,7340,7,170107,19612,224,12673,"BOTTOM",30.5833333333333
FALSE,1,11,3290,1306,88,41540,23796,34,9149,"UTILITY",30.5833333333333
TRUE,3,5,3597,624,41,86110,23440,140,10337,"MIDDLE",30.5833333333333
TRUE,6,5,41095,437,26,218760,37468,60,12827,"JUNGLE",30.5833333333333
TRUE,7,4,10764,2128,24,300443,33131,272,15974,"TOP",30.5833333333333
TRUE,20,8,47481,10758,37,248130,26470,206,18035,"BOTTOM",30.5833333333333
TRUE,5,3,816,0,91,15203,15036,13,11491,"UTILITY",30.5833333333333
TRUE,10,8,16011,3455,31,284198,33683,252,18471,"TOP",38.4333333333333
TRUE,16,8,65636,2793,31,377547,47797,73,21214,"JUNGLE",38.4333333333333
TRUE,13,6,4841,1546,20,207846,45355,205,17047,"MIDDLE",38.4333333333333
TRUE,15,12,35158,11187,13,374792,43060,234,22738,"BOTTOM",38.4333333333333
TRUE,13,7,4371,1723,125,40381,30945,47,15172,"UTILITY",38.4333333333333
FALSE,2,15,996,996,18,148811,43365,175,11973,"TOP",38.4333333333333
FALSE,13,15,35309,2259,24,371546,46707,151,20646,"JUNGLE",38.4333333333333
FALSE,6,15,2225,0,11,151898,46873,184,13342,"MIDDLE",38.4333333333333
FALSE,18,12,29747,4869,34,379703,43095,333,23373,"BOTTOM",38.4333333333333
FALSE,2,10,1827,748,88,16683,33969,21,11276,"UTILITY",38.4333333333333
FALSE,9,9,6463,4596,16,151001,51777,196,14037,"TOP",31.4833333333333
FALSE,11,6,12141,0,33,203953,24610,33,13833,"JUNGLE",31.4833333333333
FALSE,3,5,1768,1768,15,134028,13711,219,11169,"MIDDLE",31.4833333333333
FALSE,7,9,2997,1342,16,177415,24842,235,13959,"BOTTOM",31.4833333333333
FALSE,1,11,0,0,46,21095,26758,23,7892,"UTILITY",31.4833333333333
TRUE,6,7,5207,3357,27,177336,46882,190,13314,"TOP",31.4833333333333
TRUE,2,10,2289,323,70,30285,20209,43,9000,"JUNGLE",31.4833333333333
TRUE,10,4,7672,6274,32,163365,21968,193,13863,"MIDDLE",31.4833333333333
TRUE,8,6,21451,3405,45,172617,20175,202,14424,"BOTTOM",31.4833333333333
TRUE,14,4,55778,5257,22,332717,36379,88,18793,"JUNGLE",31.4833333333333
FALSE,8,7,6613,3292,18,90869,18011,127,9761,"TOP",23.05
FALSE,3,6,4051,0,14,117382,24621,9,7341,"JUNGLE",23.05
FALSE,2,1,2765,0,17,110500,9645,202,9301,"MIDDLE",23.05
FALSE,2,6,509,509,10,79740,15579,159,7236,"BOTTOM",23.05
FALSE,1,7,0,0,31,20414,15342,46,5832,"UTILITY",23.05
TRUE,12,4,19695,13123,12,121950,20449,159,13951,"TOP",23.05
TRUE,7,3,52836,1155,20,215171,17565,32,11610,"JUNGLE",23.05
TRUE,3,5,5789,5789,12,111225,15562,181,9531,"MIDDLE",23.05
TRUE,4,3,5971,3509,28,144220,11875,202,10737,"BOTTOM",23.05
TRUE,1,2,4771,2142,70,25722,10823,41,7679,"UTILITY",23.05
TRUE,1,5,5724,2182,14,105887,17903,178,8942,"TOP",23.7
TRUE,4,4,42523,2080,24,183590,26732,40,10220,"JUNGLE",23.7
TRUE,5,3,8082,1710,21,115036,21668,186,10125,"MIDDLE",23.7
TRUE,8,3,12285,6764,17,137557,19426,194,13307,"BOTTOM",23.7
TRUE,9,1,8233,6003,55,58364,15676,32,11684,"UTILITY",23.7
FALSE,2,5,4338,1527,27,120071,17959,219,9507,"TOP",23.7
FALSE,6,4,828,548,11,106607,16435,160,8756,"MIDDLE",23.7
FALSE,3,8,13204,0,19,157761,32444,19,9151,"JUNGLE",23.7
FALSE,4,4,1453,474,26,111497,19005,174,9160,"BOTTOM",23.7
FALSE,1,6,137,0,37,17730,20097,23,5414,"UTILITY",23.7
FALSE,6,6,4859,2733,10,144655,31799,220,11647,"TOP",29.3
FALSE,7,7,14386,0,22,175010,28689,23,10666,"JUNGLE",29.3
FALSE,7,8,594,594,19,134503,24598,203,11928,"MIDDLE",29.3
FALSE,0,6,214,0,13,132958,16045,196,8693,"BOTTOM",29.3
FALSE,1,6,211,211,66,20723,19404,34,7011,"UTILITY",29.3
TRUE,13,3,9832,5703,36,118941,33603,158,14731,"TOP",29.3
TRUE,9,3,60668,1427,14,347049,32894,76,18065,"JUNGLE",29.3
TRUE,7,5,9601,7046,20,146279,29006,196,13120,"MIDDLE",29.3
TRUE,4,5,21720,2972,36,153674,17877,209,12407,"BOTTOM",29.3
TRUE,0,5,5023,670,84,43616,14227,26,8481,"UTILITY",29.3
FALSE,9,4,9784,2890,20,169000,36868,210,13160,"TOP",27.4666666666667
FALSE,9,9,21003,0,16,186757,26886,10,11594,"JUNGLE",27.4666666666667
FALSE,6,9,704,0,7,110342,23393,149,10577,"MIDDLE",27.4666666666667
FALSE,7,8,3641,2649,16,106345,19489,181,11683,"BOTTOM",27.4666666666667
FALSE,0,10,645,0,64,23160,21461,35,6748,"UTILITY",27.4666666666667
TRUE,7,5,15844,3838,21,140061,27385,185,13041,"TOP",27.4666666666667
TRUE,11,7,43085,4820,15,229479,22662,43,15218,"JUNGLE",27.4666666666667
TRUE,3,7,23308,8105,11,169240,20238,201,11807,"MIDDLE",27.4666666666667
TRUE,16,5,20796,7203,33,146741,15624,176,15453,"BOTTOM",27.4666666666667
TRUE,3,7,1242,879,76,23592,24349,35,9355,"UTILITY",27.4666666666667
TRUE,6,4,21142,7244,16,175291,25453,180,12054,"TOP",27.8166666666667
TRUE,7,2,56063,877,17,276092,30499,47,13084,"JUNGLE",27.8166666666667
TRUE,9,4,11345,9072,21,207556,18560,217,14937,"MIDDLE",27.8166666666667
TRUE,7,4,4545,2039,12,139203,14820,208,12625,"BOTTOM",27.8166666666667
TRUE,2,4,1428,472,57,22114,12474,37,8346,"UTILITY",27.8166666666667
FALSE,4,8,2203,1321,15,137463,26066,197,10902,"TOP",27.8166666666667
FALSE,1,5,8472,0,17,150457,13409,26,8201,"JUNGLE",27.8166666666667
FALSE,7,7,645,645,17,133668,26365,174,11461,"BOTTOM",27.8166666666667
FALSE,4,5,3675,3585,8,129073,30640,215,11840,"MIDDLE",27.8166666666667
FALSE,2,6,151,151,72,56536,17746,38,7946,"UTILITY",27.8166666666667
TRUE,5,0,6790,4853,14,105562,20288,188,9572,"TOP",20.9
TRUE,4,3,19011,1100,18,108299,18987,8,9178,"JUNGLE",20.9
TRUE,7,4,7063,2214,11,95832,13052,152,9554,"MIDDLE",20.9
TRUE,13,5,16186,6411,11,100336,14792,122,11232,"BOTTOM",20.9
TRUE,3,2,7645,177,47,21659,10455,9,6818,"UTILITY",20.9
FALSE,5,6,22946,0,22,140239,25252,21,9198,"JUNGLE",20.9
FALSE,0,8,1078,748,11,62526,16935,124,6492,"TOP",20.9
FALSE,5,4,2202,861,6,109955,14988,174,10342,"MIDDLE",20.9
FALSE,1,6,1422,858,12,69280,15375,159,7666,"BOTTOM",20.9
FALSE,3,8,2145,1632,38,25705,16873,7,6956,"UTILITY",20.9
FALSE,3,4,3717,3717,11,101631,27424,162,9889,"TOP",22.6
FALSE,7,4,5537,0,27,97793,27579,7,9694,"JUNGLE",22.6
FALSE,3,5,6356,2182,8,125656,19585,190,9105,"MIDDLE",22.6
FALSE,3,10,3227,3227,11,89083,18554,130,8416,"BOTTOM",22.6
FALSE,1,10,321,0,56,12839,16480,22,5544,"JUNGLE",22.6
TRUE,1,5,5000,2746,21,128817,19377,208,9774,"TOP",22.6
TRUE,4,3,40381,610,17,216768,24805,20,9077,"JUNGLE",22.6
TRUE,11,5,3388,3388,13,130138,15074,182,12222,"MIDDLE",22.6
TRUE,16,1,21796,9659,13,156928,12889,169,15256,"BOTTOM",22.6
TRUE,1,3,2617,1644,53,12862,11819,10,8428,"UTILITY",22.6
TRUE,10,4,8573,8573,10,120631,22186,173,12175,"TOP",22.1333333333333
TRUE,11,1,24198,700,15,161057,28619,12,12701,"JUNGLE",22.1333333333333
TRUE,9,4,5494,5494,23,131253,25085,190,12770,"MIDDLE",22.1333333333333
TRUE,11,5,10612,2498,7,89572,15023,123,10959,"BOTTOM",22.1333333333333
TRUE,2,7,943,943,57,34690,14545,38,7622,"UTILITY",22.1333333333333
FALSE,3,9,0,0,9,67875,25193,131,7317,"TOP",22.1333333333333
FALSE,1,7,10024,0,20,116309,25358,29,7730,"JUNGLE",22.1333333333333
FALSE,2,10,3172,0,4,69934,20691,101,6401,"MIDDLE",22.1333333333333
FALSE,7,8,794,301,11,69389,22612,118,9171,"BOTTOM",22.1333333333333
FALSE,8,9,5181,883,42,55435,18001,43,9589,"UTILITY",22.1333333333333
FALSE,1,1,0,0,0,4093,2197,14,1729,"TOP",6.23333333333333
FALSE,0,1,1414,0,3,21381,4026,2,1777,"JUNGLE",6.23333333333333
FALSE,1,1,23,23,3,11666,1515,48,2305,"MIDDLE",6.23333333333333
FALSE,0,1,65,65,3,7956,1701,36,1889,"BOTTOM",6.23333333333333
FALSE,1,1,112,112,2,6002,1591,3,1896,"UTILITY",6.23333333333333
TRUE,2,1,1087,1087,0,15379,3129,48,2988,"TOP",6.23333333333333
TRUE,1,0,1430,0,3,36768,3739,0,2364,"JUNGLE",6.23333333333333
TRUE,0,0,612,612,1,14191,1671,47,2291,"MIDDLE",6.23333333333333
TRUE,2,1,0,0,2,14464,1686,37,2393,"BOTTOM",6.23333333333333
TRUE,0,1,0,0,3,5156,1434,0,1537,"UTILITY",6.23333333333333
FALSE,1,4,1197,1197,5,56303,7638,126,5367,"TOP",15.95
FALSE,2,8,2650,0,6,67377,17165,14,5127,"JUNGLE",15.95
FALSE,0,2,0,0,8,52636,9931,103,4670,"MIDDLE",15.95
FALSE,4,4,113,113,4,40765,6747,114,6431,"BOTTOM",15.95
FALSE,2,4,0,0,18,11824,9767,23,5501,"UTILITY",15.95
TRUE,6,0,1234,1234,7,73521,4235,151,8051,"TOP",15.95
TRUE,3,1,27930,0,13,120446,13131,15,7087,"JUNGLE",15.95
TRUE,2,3,2000,647,6,91759,10822,149,6349,"MIDDLE",15.95
TRUE,10,2,1218,1134,2,47253,7507,118,9215,"BOTTOM",15.95
TRUE,1,3,0,0,30,13880,7491,22,4699,"UTILITY",15.95
FALSE,4,9,5857,3540,12,123321,34841,193,12395,"TOP",30.1666666666667
FALSE,4,7,45258,119,27,193218,43778,21,11318,"JUNGLE",30.1666666666667
FALSE,5,10,5373,2548,14,124603,23171,181,11268,"MIDDLE",30.1666666666667
FALSE,10,8,13497,2768,14,192660,20135,219,13791,"BOTTOM",30.1666666666667
FALSE,2,10,361,0,73,24899,29300,31,8286,"UTILITY",30.1666666666667
TRUE,6,5,14150,2328,18,105253,28525,160,12276,"TOP",30.1666666666667
TRUE,4,5,20467,0,28,228468,38221,33,13523,"JUNGLE",30.1666666666667
TRUE,16,5,7833,4390,28,188952,22207,242,17300,"MIDDLE",30.1666666666667
TRUE,10,4,11736,7015,24,176169,18689,211,14792,"BOTTOM",30.1666666666667
TRUE,8,6,4456,3224,83,27040,15222,35,9841,"UTILITY",30.1666666666667
TRUE,1,1,3328,2193,26,112539,8010,212,9074,"TOP",22.4166666666667
TRUE,2,3,10993,0,17,135760,8008,8,7851,"JUNGLE",22.4166666666667
TRUE,10,0,13194,680,16,106320,17229,170,10989,"MIDDLE",22.4166666666667
TRUE,5,0,18425,6432,19,126767,9860,207,10995,"BOTTOM",22.4166666666667
TRUE,2,3,2009,538,52,20049,14070,28,6659,"UTILITY",22.4166666666667
FALSE,0,3,2517,892,13,93413,14774,177,7196,"TOP",22.4166666666667
FALSE,0,6,28207,0,19,161136,19131,8,7582,"JUNGLE",22.4166666666667
FALSE,2,5,2972,1781,14,131919,14105,200,9592,"MIDDLE",22.4166666666667
FALSE,2,3,3797,3416,15,106650,10147,179,8700,"BOTTOM",22.4166666666667
FALSE,3,3,1844,1403,32,27365,7631,18,6540,"UTILITY",22.4166666666667
TRUE,8,2,4567,2568,21,144794,15804,186,12435,"TOP",25.6666666666667
TRUE,4,3,34007,1608,31,166217,27964,16,11144,"JUNGLE",25.6666666666667
TRUE,2,2,24293,9880,16,169969,25969,199,11910,"MIDDLE",25.6666666666667
TRUE,16,7,36025,7883,20,189353,23868,190,17143,"BOTTOM",25.6666666666667
TRUE,0,7,353,353,68,19301,17444,27,7616,"UTILITY",25.6666666666667
FALSE,4,8,0,0,15,91322,21690,144,8672,"TOP",25.6666666666667
FALSE,1,5,5269,0,20,170680,31943,21,7799,"JUNGLE",25.6666666666667
FALSE,9,5,2002,256,9,109957,15105,158,10893,"MIDDLE",25.6666666666667
FALSE,6,7,3509,1430,32,85446,19695,152,9945,"BOTTOM",25.6666666666667
FALSE,1,5,9437,0,49,27363,18977,31,6105,"UTILITY",25.6666666666667
FALSE,5,3,692,692,23,72534,10098,147,7994,"TOP",19.5
FALSE,0,2,14703,359,15,114546,13513,21,6291,"JUNGLE",19.5
FALSE,2,6,276,276,10,54617,14520,116,5625,"MIDDLE",19.5
FALSE,4,3,2715,2422,8,68768,7310,143,8274,"BOTTOM",19.5
FALSE,1,6,918,918,47,15755,10619,8,5354,"UTILITY",19.5
TRUE,0,2,3992,3007,9,78092,7268,142,7387,"TOP",19.5
TRUE,3,2,34033,2652,18,187856,21970,24,8413,"JUNGLE",19.5
TRUE,13,0,2869,2598,14,101970,8561,176,11275,"MIDDLE",19.5
TRUE,3,5,3854,1063,10,49781,10109,91,6375,"BOTTOM",19.5
TRUE,1,3,613,495,41,11062,8144,31,6350,"UTILITY",19.5
FALSE,8,5,8371,3024,20,172238,31198,200,12678,"TOP",31.25
FALSE,13,6,46366,723,37,246661,50028,61,15886,"JUNGLE",31.25
FALSE,4,11,5982,1396,23,137814,29536,195,12060,"MIDDLE",31.25
FALSE,4,6,20744,2161,37,184815,25883,225,12543,"BOTTOM",31.25
FALSE,2,9,3175,411,86,27364,26648,28,9175,"UTILITY",31.25
TRUE,9,2,11638,6735,15,185621,32564,238,16571,"TOP",31.25
TRUE,6,9,20273,1197,21,170999,42382,19,12132,"JUNGLE",31.25
TRUE,4,7,6596,2977,20,146999,22361,186,12820,"MIDDLE",31.25
TRUE,7,8,12221,5474,25,203531,23562,208,15255,"BOTTOM",31.25
TRUE,11,5,675,449,124,31039,20572,49,11046,"UTILITY",31.25
TRUE,5,2,12484,6415,18,153848,9818,212,11898,"TOP",22.8833333333333
TRUE,4,2,29881,1192,25,192417,21010,19,10251,"JUNGLE",22.8833333333333
TRUE,2,3,12792,846,16,129668,13363,201,9139,"MIDDLE",22.8833333333333
TRUE,6,2,16767,7787,19,125883,9414,189,12146,"BOTTOM",22.8833333333333
TRUE,6,1,7964,379,56,34570,9621,27,8052,"UTILITY",22.8833333333333
FALSE,1,5,1665,1665,13,97635,16457,171,7881,"TOP",22.8833333333333
FALSE,3,3,13600,1449,10,159171,17437,58,9702,"JUNGLE",22.8833333333333
FALSE,2,5,732,732,23,92376,15476,175,8505,"MIDDLE",22.8833333333333
FALSE,3,6,1917,1917,10,88277,15334,168,9000,"BOTTOM",22.8833333333333
FALSE,1,5,138,0,47,19751,12207,30,5464,"UTILITY",22.8833333333333
FALSE,5,3,6970,5243,11,143526,11718,208,11745,"TOP",26.2
FALSE,6,6,24715,1172,32,194361,29711,40,11419,"JUNGLE",26.2
FALSE,9,7,1011,1011,20,109612,26360,152,11351,"MIDDLE",26.2
FALSE,4,9,4952,912,10,106922,19956,158,9991,"BOTTOM",26.2
FALSE,2,8,1753,190,60,42333,13979,34,8280,"UTILITY",26.2
TRUE,4,3,7586,4277,13,121956,24261,159,10490,"TOP",26.2
TRUE,20,6,33110,5029,34,254757,22257,47,17451,"JUNGLE",26.2
TRUE,3,3,4059,2609,17,108514,18716,169,10167,"MIDDLE",26.2
TRUE,5,6,17650,5719,12,131952,17711,164,12729,"BOTTOM",26.2
TRUE,0,8,2018,811,85,11555,18367,10,7527,"UTILITY",26.2
TRUE,5,2,6719,6208,12,115884,17366,185,11065,"TOP",23.9333333333333
TRUE,13,7,56818,3175,13,160209,22546,15,13352,"JUNGLE",23.9333333333333
TRUE,6,8,3724,2460,17,97600,21385,162,10826,"MIDDLE",23.9333333333333
TRUE,18,4,4547,4265,16,114715,16613,164,15441,"BOTTOM",23.9333333333333
TRUE,6,3,1136,109,61,20970,17729,32,8968,"UTILITY",23.9333333333333
FALSE,4,7,8499,5790,8,127085,24260,190,11646,"TOP",23.9333333333333
FALSE,4,12,10128,121,18,157342,29498,23,8818,"JUNGLE",23.9333333333333
FALSE,10,9,2129,1103,5,116979,20268,159,11327,"MIDDLE",23.9333333333333
FALSE,4,10,4299,2600,8,68728,31836,142,8827,"BOTTOM",23.9333333333333
FALSE,2,10,2711,325,65,18241,21989,13,6738,"UTILITY",23.9333333333333
FALSE,14,4,4955,1250,24,166942,40172,205,16408,"BOTTOM",36.6
FALSE,5,12,19445,2081,41,308403,31638,47,14912,"JUNGLE",36.6
FALSE,8,4,16829,16829,23,269523,37770,292,17186,"TOP",36.6
FALSE,4,8,711,59,23,186675,27013,254,14557,"MIDDLE",36.6
FALSE,2,10,1778,408,104,20895,29994,37,9268,"UTILITY",36.6
TRUE,3,6,15019,6048,24,221823,27447,280,14770,"TOP",36.6
TRUE,14,4,72143,2649,29,346851,40969,56,19119,"JUNGLE",36.6
TRUE,3,6,8207,1427,28,182015,19996,214,13916,"MIDDLE",36.6
TRUE,10,7,21075,6249,36,243036,18521,242,17126,"BOTTOM",36.6
TRUE,8,10,1739,128,121,43136,37714,50,11603,"UTILITY",36.6
FALSE,1,3,2273,2273,14,55435,10162,149,7498,"BOTTOM",20.7333333333333
FALSE,0,6,21234,0,24,117430,21391,13,6626,"JUNGLE",20.7333333333333
FALSE,5,6,2662,2662,20,63973,13589,129,8259,"TOP",20.7333333333333
FALSE,2,3,5814,800,15,92119,11440,151,7538,"MIDDLE",20.7333333333333
FALSE,0,3,878,878,15,9829,6736,2,4666,"UTILITY",20.7333333333333
TRUE,7,5,7099,5363,10,67977,23146,108,9393,"TOP",20.7333333333333
TRUE,5,0,25311,1645,14,181979,20357,11,9297,"JUNGLE",20.7333333333333
TRUE,5,1,6859,4316,20,91940,12456,162,9085,"MIDDLE",20.7333333333333
TRUE,4,1,2718,2359,17,90237,8766,172,8999,"BOTTOM",20.7333333333333
TRUE,0,1,3866,696,41,19949,7229,24,5306,"UTILITY",20.7333333333333
TRUE,4,12,18014,5572,14,165890,36809,215,12064,"TOP",29.4166666666667
TRUE,14,5,36857,4107,33,305657,39234,75,18377,"JUNGLE",29.4166666666667
TRUE,11,7,13430,6277,13,158549,25674,166,14304,"BOTTOM",29.4166666666667
TRUE,11,6,10008,4792,14,169421,20994,206,16044,"MIDDLE",29.4166666666667
TRUE,2,8,1974,651,77,42677,22610,23,9455,"UTILITY",29.4166666666667
FALSE,7,7,13157,5419,15,144684,37541,198,12532,"TOP",29.4166666666667
FALSE,11,6,17349,1365,35,212342,43110,33,15320,"JUNGLE",29.4166666666667
FALSE,9,12,12453,4824,22,185591,34180,197,14437,"MIDDLE",29.4166666666667
FALSE,11,9,5520,503,24,140031,22937,188,13265,"BOTTOM",29.4166666666667
FALSE,0,8,11145,268,92,50440,19629,31,8150,"UTILITY",29.4166666666667
TRUE,6,3,13672,8617,28,174892,33339,176,13256,"TOP",30.3833333333333
TRUE,6,1,52542,3717,45,272944,32260,50,14528,"JUNGLE",30.3833333333333
TRUE,12,3,19008,6204,32,183175,16929,202,15337,"MIDDLE",30.3833333333333
TRUE,4,3,11918,2743,22,154534,13509,194,11752,"BOTTOM",30.3833333333333
TRUE,1,4,2988,741,64,29715,18236,23,7979,"UTILITY",30.3833333333333
FALSE,4,5,8375,7121,22,129656,25538,207,11246,"TOP",30.3833333333333
FALSE,3,6,24046,0,34,202125,30270,24,9943,"JUNGLE",30.3833333333333
FALSE,2,6,2138,1267,14,182707,31182,287,12624,"MIDDLE",30.3833333333333
FALSE,4,6,5636,3414,17,172168,23561,227,12425,"BOTTOM",30.3833333333333
FALSE,1,6,1380,0,87,16423,20504,16,7064,"UTILITY",30.3833333333333
TRUE,8,3,20208,6793,13,157480,18001,176,12466,"TOP",22.9666666666667
TRUE,11,3,40602,193,14,232975,23001,22,12432,"JUNGLE",22.9666666666667
TRUE,10,3,22264,21450,10,133646,15532,140,12526,"MIDDLE",22.9666666666667
TRUE,12,3,7022,1416,25,76439,11646,137,12272,"BOTTOM",22.9666666666667
TRUE,1,5,1962,48,58,24105,14995,34,6753,"UTILITY",22.9666666666667
FALSE,3,10,6972,1969,8,94750,21400,155,8064,"TOP",22.9666666666667
FALSE,5,8,20603,0,15,126607,24101,14,8896,"JUNGLE",22.9666666666667
FALSE,4,13,429,429,9,67991,23950,114,8655,"MIDDLE",22.9666666666667
FALSE,4,6,3276,3276,8,92893,16763,170,10196,"BOTTOM",22.9666666666667
FALSE,1,5,56,0,46,27120,18086,42,6306,"UTILITY",22.9666666666667
FALSE,2,8,163,163,11,112090,27012,165,8304,"TOP",25.3333333333333
FALSE,6,5,26676,0,26,176336,31751,37,10862,"JUNGLE",25.3333333333333
FALSE,2,5,2322,247,8,86260,21391,143,8236,"MIDDLE",25.3333333333333
FALSE,8,6,3772,3254,23,120898,20339,211,11853,"BOTTOM",25.3333333333333
FALSE,2,8,375,375,48,22052,18325,34,7107,"UTILITY",25.3333333333333
TRUE,8,4,17068,8048,27,145728,31099,183,12289,"MIDDLE",25.3333333333333
TRUE,5,4,24124,1183,23,238326,21775,42,11805,"JUNGLE",25.3333333333333
TRUE,4,2,4146,2830,14,104945,24469,168,9697,"TOP",25.3333333333333
TRUE,9,4,18191,4951,35,129285,12072,193,12717,"BOTTOM",25.3333333333333
TRUE,6,6,8197,2075,96,38540,11756,30,9723,"UTILITY",25.3333333333333
TRUE,5,4,5504,5504,7,105130,22345,152,10095,"TOP",22.1666666666667
TRUE,13,4,45924,3364,13,219881,29160,33,12884,"JUNGLE",22.1666666666667
TRUE,6,3,6398,2925,16,87544,12083,124,10495,"MIDDLE",22.1666666666667
TRUE,7,1,12426,3592,14,105882,10076,182,10359,"BOTTOM",22.1666666666667
TRUE,1,5,3363,665,34,24610,11427,30,6803,"JUNGLE",22.1666666666667
FALSE,4,7,2419,840,10,80454,23082,141,8162,"TOP",22.1666666666667
FALSE,8,8,19030,0,16,165117,22443,37,10474,"JUNGLE",22.1666666666667
FALSE,2,8,3072,3072,11,97549,16971,163,8141,"MIDDLE",22.1666666666667
FALSE,0,4,4288,2320,11,123634,12498,200,8684,"BOTTOM",22.1666666666667
FALSE,3,5,217,137,45,10824,12543,8,6295,"UTILITY",22.1666666666667
FALSE,0,1,6614,6614,7,59469,10531,120,5656,"TOP",15.3166666666667
FALSE,0,2,4486,0,6,96172,15324,15,4955,"JUNGLE",15.3166666666667
FALSE,2,3,1970,0,7,44282,6247,118,5477,"MIDDLE",15.3166666666667
FALSE,4,6,682,682,5,56213,8114,120,6744,"BOTTOM",15.3166666666667
FALSE,0,5,0,0,20,10646,7543,22,3727,"UTILITY",15.3166666666667
TRUE,4,0,2305,2305,12,70792,4865,126,7125,"TOP",15.3166666666667
TRUE,4,0,22517,543,23,129986,10680,24,8173,"JUNGLE",15.3166666666667
TRUE,3,2,4429,2360,11,91290,5719,129,6425,"MIDDLE",15.3166666666667
TRUE,4,2,1099,90,8,46607,5673,113,5832,"BOTTOM",15.3166666666667
TRUE,2,2,2033,943,25,8666,3148,5,5344,"UTILITY",15.3166666666667
TRUE,14,8,28325,9323,31,307441,24776,219,19271,"TOP",31.8166666666667
TRUE,8,5,52129,1664,53,327831,29175,45,15836,"JUNGLE",31.8166666666667
TRUE,11,5,15221,3322,26,137489,26403,176,14576,"MIDDLE",31.8166666666667
TRUE,6,3,39169,32119,47,207651,12600,218,14584,"BOTTOM",31.8166666666667
TRUE,3,7,618,618,101,20225,24042,30,9087,"UTILITY",31.8166666666667
FALSE,8,9,3652,2735,27,187216,30930,264,14617,"TOP",31.8166666666667
FALSE,2,7,5362,0,22,154946,17095,9,9554,"JUNGLE",31.8166666666667
FALSE,5,10,5413,1554,25,142974,24644,189,12996,"MIDDLE",31.8166666666667
FALSE,7,7,14066,1015,24,188912,21978,214,14461,"BOTTOM",31.8166666666667
FALSE,5,10,6049,0,78,43940,25221,58,8534,"UTILITY",31.8166666666667
FALSE,5,5,5160,1379,29,112838,23181,166,11062,"TOP",29.6666666666667
FALSE,3,3,8602,352,16,167201,10737,23,11363,"JUNGLE",29.6666666666667
FALSE,6,5,18495,7777,27,191288,17915,213,14091,"MIDDLE",29.6666666666667
FALSE,6,8,12413,7055,11,157330,17856,186,12030,"BOTTOM",29.6666666666667
FALSE,7,5,1006,0,105,31344,15632,49,8903,"UTILITY",29.6666666666667
TRUE,8,9,9310,4896,20,224737,18722,208,16620,"TOP",29.6666666666667
TRUE,6,4,36858,1413,10,233793,28293,19,11906,"JUNGLE",29.6666666666667
TRUE,3,2,26517,3926,21,221178,16605,243,12546,"MIDDLE",29.6666666666667
TRUE,8,7,16301,3981,25,188435,23316,233,14928,"BOTTOM",29.6666666666667
TRUE,1,5,669,522,63,20529,19398,32,8396,"UTILITY",29.6666666666667
FALSE,2,7,0,0,10,69904,16563,131,7300,"TOP",23.0666666666667
FALSE,1,7,10256,0,12,131027,20693,33,7278,"JUNGLE",23.0666666666667
FALSE,5,4,873,873,11,92471,12818,167,8904,"MIDDLE",23.0666666666667
FALSE,1,6,1568,698,10,88736,25257,155,7233,"BOTTOM",23.0666666666667
FALSE,2,7,4926,543,29,29044,17480,23,7289,"UTILITY",23.0666666666667
TRUE,9,3,16370,5295,18,199195,14312,215,14663,"TOP",23.0666666666667
TRUE,8,3,39583,547,27,209114,22098,37,11813,"JUNGLE",23.0666666666667
TRUE,5,3,8334,4575,17,141729,16354,185,11875,"MIDDLE",23.0666666666667
TRUE,6,1,17767,8953,16,148496,11655,183,12437,"BOTTOM",23.0666666666667
TRUE,3,1,600,251,49,22620,13150,29,7750,"UTILITY",23.0666666666667
TRUE,4,1,2895,2787,9,58316,13603,143,7903,"TOP",19.3333333333333
TRUE,5,2,35071,325,18,172020,12419,12,8882,"JUNGLE",19.3333333333333
TRUE,3,3,8948,2019,12,95203,11459,153,7877,"MIDDLE",19.3333333333333
TRUE,5,2,10058,4220,7,95568,8820,164,9195,"BOTTOM",19.3333333333333
TRUE,3,0,3893,2218,46,22938,4832,26,7649,"UTILITY",19.3333333333333
FALSE,1,3,3871,359,16,87398,9666,147,7425,"TOP",19.3333333333333
FALSE,0,2,119,0,8,101000,5173,8,5452,"JUNGLE",19.3333333333333
FALSE,2,6,1992,143,12,66127,12013,143,6795,"MIDDLE",19.3333333333333
FALSE,4,4,189,0,11,63221,9143,145,7962,"BOTTOM",19.3333333333333
FALSE,1,5,4124,0,28,18249,8883,18,4161,"UTILITY",19.3333333333333
TRUE,2,4,7815,3517,10,79822,16763,139,9081,"TOP",22.1
TRUE,5,1,35621,0,19,236832,16374,13,10867,"JUNGLE",22.1
TRUE,9,2,16662,4917,9,130221,14992,173,12296,"MIDDLE",22.1
TRUE,9,3,5325,3318,13,88583,11847,160,10034,"BOTTOM",22.1
TRUE,0,4,1264,883,47,10934,10136,7,6881,"UTILITY",22.1
FALSE,5,4,2702,2346,14,90450,17441,164,9080,"TOP",22.1
FALSE,5,6,16803,0,17,162282,19157,32,8173,"JUNGLE",22.1
FALSE,4,5,4061,2068,16,81133,14783,139,8508,"MIDDLE",22.1
FALSE,0,4,2046,0,16,56955,9091,136,6390,"BOTTOM",22.1
FALSE,0,6,861,0,50,18250,14738,27,4936,"UTILITY",22.1
FALSE,1,4,1267,893,11,64181,16993,125,7073,"TOP",21.8666666666667
FALSE,1,4,12333,272,8,133060,22004,18,7312,"JUNGLE",21.8666666666667
FALSE,5,9,301,0,6,72504,20933,121,7158,"MIDDLE",21.8666666666667
FALSE,8,9,5522,490,11,77967,15042,134,8718,"BOTTOM",21.8666666666667
FALSE,4,6,231,231,56,32018,14087,29,7807,"UTILITY",21.8666666666667
TRUE,5,1,6032,5947,9,72323,9094,145,9173,"TOP",21.8666666666667
TRUE,13,4,46202,930,9,187184,24668,39,12010,"JUNGLE",21.8666666666667
TRUE,7,3,1393,1393,11,79067,14117,149,10230,"MIDDLE",21.8666666666667
TRUE,6,8,11182,11182,17,115039,19225,152,11838,"BOTTOM",21.8666666666667
TRUE,1,3,619,619,47,23031,15794,31,6720,"UTILITY",21.8666666666667
FALSE,1,7,2630,383,23,133723,36985,198,10049,"TOP",31.45
FALSE,12,7,36122,1736,17,301337,28156,81,17646,"JUNGLE",31.45
FALSE,5,14,3256,3039,7,152853,39134,160,11395,"MIDDLE",31.45
FALSE,9,9,4825,2493,8,204164,28936,258,14949,"BOTTOM",31.45
FALSE,3,6,527,0,86,51047,36554,48,10769,"UTILITY",31.45
TRUE,6,5,11844,9791,13,262955,37134,257,14786,"TOP",31.45
TRUE,9,5,39695,51,19,305951,37580,30,15075,"JUNGLE",31.45
TRUE,15,7,16067,7935,14,222205,30790,227,18772,"MIDDLE",31.45
TRUE,12,7,41945,2598,35,224193,23190,225,15340,"BOTTOM",31.45
TRUE,1,6,800,410,87,34049,18963,32,10589,"UTILITY",31.45
FALSE,1,4,2109,1978,11,92285,21906,160,7379,"TOP",20.5833333333333
FALSE,3,6,12528,0,16,106535,24372,25,8123,"JUNGLE",20.5833333333333
FALSE,4,5,12435,718,8,91041,11569,145,7600,"MIDDLE",20.5833333333333
FALSE,1,5,1383,1383,13,72511,12645,140,7157,"BOTTOM",20.5833333333333
FALSE,1,9,337,0,19,23266,14585,35,4646,"UTILITY",20.5833333333333
TRUE,3,3,6219,6219,11,92770,14446,154,8372,"TOP",20.5833333333333
TRUE,4,0,18728,964,14,193517,27153,17,8951,"JUNGLE",20.5833333333333
TRUE,8,5,7086,7030,11,96307,18558,150,10526,"MIDDLE",20.5833333333333
TRUE,13,2,16010,16010,6,132614,15359,195,13492,"BOTTOM",20.5833333333333
TRUE,1,0,1913,699,53,20764,13919,26,6873,"UTILITY",20.5833333333333
FALSE,3,4,14583,3366,27,146429,24586,182,11154,"TOP",30.4
FALSE,10,7,27063,2629,28,209308,43873,21,13693,"JUNGLE",30.4
FALSE,6,3,16263,1678,38,173186,14577,204,13194,"MIDDLE",30.4
FALSE,6,6,24019,5343,38,177291,22763,213,13683,"BOTTOM",30.4
FALSE,0,7,4375,521,90,28403,19734,28,8147,"UTILITY",30.4
TRUE,5,2,14431,6806,28,216284,22244,273,14777,"TOP",30.4
TRUE,5,5,21502,1072,19,222329,32434,13,11814,"JUNGLE",30.4
TRUE,8,4,12573,9200,29,203286,36491,236,15582,"MIDDLE",30.4
TRUE,9,7,9878,3870,17,144885,17839,174,13551,"BOTTOM",30.4
TRUE,0,7,523,388,57,22786,28108,34,8220,"UTILITY",30.4
TRUE,5,3,7470,7470,15,98264,20050,137,9613,"TOP",19.4333333333333
TRUE,5,6,18731,0,17,127647,23296,14,8947,"JUNGLE",19.4333333333333
TRUE,13,1,11609,962,13,93746,7221,147,10565,"MIDDLE",19.4333333333333
TRUE,13,3,5927,5927,11,99155,11903,153,12507,"BOTTOM",19.4333333333333
TRUE,2,4,0,0,46,17497,13874,24,6164,"UTILITY",19.4333333333333
FALSE,5,4,3142,2524,13,73771,19988,136,9186,"TOP",19.4333333333333
FALSE,4,8,15619,134,12,125319,23520,16,7697,"JUNGLE",19.4333333333333
FALSE,1,7,1633,1633,7,54523,15739,102,5613,"MIDDLE",19.4333333333333
FALSE,6,10,174,174,15,50388,15490,109,8247,"BOTTOM",19.4333333333333
FALSE,1,9,0,0,12,27943,17994,42,5591,"UTILITY",19.4333333333333
TRUE,4,3,1067,1067,7,39589,9088,96,5835,"TOP",15.4
TRUE,3,2,10148,61,12,97263,15398,9,6525,"JUNGLE",15.4
TRUE,7,0,7222,5367,2,73716,7323,126,8432,"MIDDLE",15.4
TRUE,8,1,4952,4952,10,74949,6113,143,9195,"BOTTOM",15.4
TRUE,1,1,344,344,33,18434,6076,25,5260,"UTILITY",15.4
FALSE,1,2,1097,1097,7,51228,8648,105,5224,"TOP",15.4
FALSE,4,5,3773,0,9,73366,10359,6,6143,"JUNGLE",15.4
FALSE,2,6,5335,396,4,61069,10831,123,5381,"MIDDLE",15.4
FALSE,0,5,0,0,4,27200,6638,97,4560,"BOTTOM",15.4
FALSE,0,5,813,0,24,13442,7597,25,3611,"UTILITY",15.4
TRUE,7,2,2396,2396,21,148153,18570,223,12855,"MIDDLE",26.4
TRUE,13,1,48273,2730,14,314524,33063,65,16274,"JUNGLE",26.4
TRUE,4,6,1721,1273,17,106710,20359,160,11227,"TOP",26.4
TRUE,5,4,20813,7151,21,144197,14632,210,12010,"BOTTOM",26.4
TRUE,2,3,11104,2931,66,46490,13968,16,9154,"UTILITY",26.4
FALSE,4,9,4076,3835,16,70833,25300,148,8905,"TOP",26.4
FALSE,4,7,12902,0,21,219287,35318,41,10273,"JUNGLE",26.4
FALSE,2,3,1061,676,18,129462,14083,221,9905,"MIDDLE",26.4
FALSE,5,7,686,0,11,114222,20280,193,10215,"BOTTOM",26.4
FALSE,1,5,315,0,57,10422,16943,6,6160,"UTILITY",26.4
FALSE,1,4,10918,3561,9,179415,26198,230,10374,"TOP",28.1833333333333
FALSE,10,3,52308,418,26,226337,26685,24,13585,"JUNGLE",28.1833333333333
FALSE,7,4,1171,170,7,150687,15775,214,12289,"MIDDLE",28.1833333333333
FALSE,11,7,19883,888,17,149713,19304,184,12105,"BOTTOM",28.1833333333333
FALSE,3,3,9236,255,58,49037,28437,37,8734,"UTILITY",28.1833333333333
TRUE,4,4,5481,5264,12,128303,27358,187,11248,"TOP",28.1833333333333
TRUE,7,7,18956,0,20,247733,41068,41,12921,"JUNGLE",28.1833333333333
TRUE,6,1,12708,12467,13,179646,16990,227,13781,"MIDDLE",28.1833333333333
TRUE,3,10,6610,1560,11,106267,17782,195,11501,"BOTTOM",28.1833333333333
TRUE,0,10,1519,560,107,36687,16676,42,7095,"UTILITY",28.1833333333333
TRUE,17,7,27587,9756,22,301440,79465,284,22057,"TOP",38.5333333333333
TRUE,3,9,19865,180,36,156409,38061,28,11907,"JUNGLE",38.5333333333333
TRUE,11,5,18588,3791,23,262688,30500,297,19701,"MIDDLE",38.5333333333333
TRUE,7,6,23624,5644,26,291277,29241,293,17526,"BOTTOM",38.5333333333333
TRUE,2,7,8601,5139,142,88410,24349,70,14070,"UTILITY",38.5333333333333
FALSE,3,12,12554,8586,46,228388,54964,232,13907,"TOP",38.5333333333333
FALSE,6,11,40698,140,32,267573,59069,8,13815,"JUNGLE",38.5333333333333
FALSE,13,5,6527,4629,13,248575,43957,272,18615,"MIDDLE",38.5333333333333
FALSE,11,6,32089,4519,34,364829,33854,307,19606,"BOTTOM",38.5333333333333
FALSE,1,6,4359,703,101,41392,33382,20,10112,"UTILITY",38.5333333333333
FALSE,0,3,4728,1041,6,63848,14812,129,5180,"TOP",15.5833333333333
FALSE,0,2,8731,0,18,106684,8160,17,5566,"JUNGLE",15.5833333333333
FALSE,5,0,409,409,8,57266,9215,128,6709,"MIDDLE",15.5833333333333
FALSE,0,2,669,75,9,39879,3516,123,5048,"BOTTOM",15.5833333333333
FALSE,0,3,373,0,28,14511,5822,24,3547,"UTILITY",15.5833333333333
TRUE,3,0,4031,4031,8,86073,9934,153,7094,"TOP",15.5833333333333
TRUE,1,0,8831,0,10,82766,3429,12,5004,"JUNGLE",15.5833333333333
TRUE,0,3,2465,968,5,50724,8462,113,4772,"MIDDLE",15.5833333333333
TRUE,3,0,5061,3041,8,71964,2595,161,8460,"BOTTOM",15.5833333333333
TRUE,3,2,404,404,31,15770,7697,24,4576,"UTILITY",15.5833333333333
TRUE,7,0,7506,6805,9,86909,13480,142,9751,"TOP",17.0833333333333
TRUE,2,4,15743,0,12,105566,15486,7,6707,"JUNGLE",17.0833333333333
TRUE,6,1,4651,4651,6,78236,12693,126,8509,"MIDDLE",17.0833333333333
TRUE,4,3,1476,1476,6,55557,6554,126,6937,"BOTTOM",17.0833333333333
TRUE,2,5,560,560,29,10641,8017,14,5136,"UTILITY",17.0833333333333
FALSE,1,5,1338,1338,8,96061,11166,137,5560,"TOP",17.0833333333333
FALSE,3,5,15241,0,16,115232,15898,21,6587,"JUNGLE",17.0833333333333
FALSE,3,5,771,0,8,57931,11609,125,5872,"MIDDLE",17.0833333333333
FALSE,4,3,2603,2603,10,61759,7714,133,7354,"BOTTOM",17.0833333333333
FALSE,2,3,2094,198,13,16181,9466,20,4825,"UTILITY",17.0833333333333
